analysis_name,canonical_option,display_order
current_resources,"Advice from other grad students in Stats",1
current_resources,"Advice from other grad students in other programs",2
current_resources,"Advice from the course instructor or faculty",3
current_resources,"Department orientation or training materials (STAT 200)",4
current_resources,"The TA Wiki",5
current_resources,"University-wide teaching center (TLC) or workshops",6
current_resources,"Online resources (blogs, YouTube, subreddits, etc.)",7
current_resources,"Published books or articles on pedagogy",8
current_resources,"AI",9
desired_features,"Course-specific tips from previous TAs",1
desired_features,"Grading rubrics and examples",2
desired_features,"Lesson plans or activity ideas",3
desired_features,"Policies and logistics (office hours, room bookings, tech setup)",4
desired_features,"Advice on handling difficult classroom situations",5
desired_features,"Templates (syllabi, emails to students, feedback forms)",6
desired_features,"Guidance on pedagogy and inclusive teaching practices",7
desired_features,"Information about available departmental and university support",8
desired_features,"A space for TAs to ask questions and share experiences",9
consult_when,"Before the start of a new TA assignment",1
consult_when,"During the first few weeks of a quarter",2
consult_when,"When a specific issue comes up (e.g., grading disputes, office hours logistics)",3
consult_when,"When preparing course materials or lesson plans",4
consult_when,"Out of general curiosity",5
useful_content,"General TA policies and expectations",1
useful_content,"Tips on preparing and leading sections",2
useful_content,"Grading guidelines and rubrics",3
useful_content,"Classroom management and pedagogy advice",4
useful_content,"Logistics (office hours, room bookings, tech setup, etc.)",5
useful_content,"Information about department resources or support",6
useful_content,"I haven't explored the Wiki enough to say",7
useful_content,"I haven't found any content particularly useful",8
noncontribution_reasons,"I didn't have anything to add",1
noncontribution_reasons,"I didn't have time",2
noncontribution_reasons,"I wasn't sure my contributions would be valued or used",3
github_advantages,"Version control / edit history",1
github_advantages,"Transparency (anyone can see changes and who made them)",2
github_advantages,"Customizability and flexibility of the format",3
github_advantages,"Integration with other tools (e.g., CI/CD, issue tracking)",4
github_advantages,"Familiarity (I already use GitHub for other work)",5
github_advantages,"I don't see any particular advantages",6
github_disadvantages,"Steep learning curve for those unfamiliar with Git",1
github_disadvantages,"Difficult to browse or search for information",2
github_disadvantages,"Less intuitive than a traditional wiki (e.g., MediaWiki, Notion, Google Docs)",3
github_disadvantages,"Contribution process (pull requests, branches) feels overly formal",4
github_disadvantages,"Requires technical setup (cloning repos, using a text editor, etc.)",5
github_disadvantages,"I don't see any particular disadvantages",6
editathon_nonparticipant_reasons,"Scheduling conflict",1
editathon_nonparticipant_reasons,"I didn't feel I had relevant knowledge to contribute",2
editathon_nonparticipant_reasons,"I wasn't motivated or didn't see the value",3
editathon_improvement,"A clearer explanation of what to expect and how to contribute",1
editathon_improvement,"A hands-on Git/GitHub tutorial as part of the event",2
editathon_improvement,"A more flexible timeframe",3
editathon_improvement,"Snacks, social incentives, or community-building elements",4
editathon_improvement,"Smaller, focused tasks or a list of “wanted” contributions",5
editathon_improvement,"Recognition or credit for contributions",6
